<?xml version="1.0" encoding="UTF-8"?>
<beans xmlns="http://www.springframework.org/schema/beans"
	xmlns:context="http://www.springframework.org/schema/context"
	xmlns:xsi="http://www.w3.org/2001/XMLSchema-instance" xmlns:mvc="http://www.springframework.org/schema/mvc"
	xmlns:p="http://www.springframework.org/schema/p"
	xsi:schemaLocation="  
    http://www.springframework.org/schema/context  
    http://www.springframework.org/schema/context/spring-context.xsd  
    http://www.springframework.org/schema/beans  
    http://www.springframework.org/schema/beans/spring-beans.xsd  
    http://www.springframework.org/schema/mvc 
   	http://www.springframework.org/schema/mvc/spring-mvc-4.0.xsd">

	<!-- 开启mvc注解 -->
	<mvc:annotation-driven />
	<context:component-scan base-package="cc.shen0d.web.controller">
		<context:include-filter type="annotation"
			expression="org.springframework.stereotype.Controller" />
	</context:component-scan>

	<bean
		class="org.springframework.web.servlet.view.InternalResourceViewResolver">
		<property name="prefix" value="/"></property>
		<property name="suffix" value=".jsp"></property>
	</bean>

	<mvc:default-servlet-handler />

	<mvc:interceptors>
		<mvc:interceptor>
			<mvc:mapping path="*.do" />
			<bean class="cc.shen0d.web.interceptor.TestInterceptor"></bean>
		</mvc:interceptor>

	</mvc:interceptors>
	<import resource="application-webSocket.xml" />

</beans>