<?xml version="1.0" encoding="UTF-8"?>
<beans xmlns="http://www.springframework.org/schema/beans"
	xmlns:context="http://www.springframework.org/schema/context"
	xmlns:xsi="http://www.w3.org/2001/XMLSchema-instance" xmlns:aop="http://www.springframework.org/schema/aop"
	xmlns:tx="http://www.springframework.org/schema/tx" xmlns:p="http://www.springframework.org/schema/p"
	xsi:schemaLocation="  
    http://www.springframework.org/schema/context  
    http://www.springframework.org/schema/context/spring-context.xsd  
    http://www.springframework.org/schema/beans  
    http://www.springframework.org/schema/beans/spring-beans.xsd  
    http://www.springframework.org/schema/tx  
    http://www.springframework.org/schema/tx/spring-tx.xsd
    http://www.springframework.org/schema/aop  
    http://www.springframework.org/schema/aop/spring-aop.xsd">
    
    
    <!-- 引入资源文件 -->
    
    <context:property-placeholder location="classpath:db.properties"/>
    
	<!-- 注册数据源 -->
	<bean class="org.apache.commons.dbcp.BasicDataSource" id="dataSource">
		<property name="driverClassName" value="${db.driverName}"></property>
		<property name="username" value="${db.username}"></property>
		<property name="password" value="${db.password}"></property>
		<property name="url" value="${db.url}"></property>
	</bean>
	
	<!-- 注册mybatis的sqlsessionFactory -->
	<bean class="org.mybatis.spring.SqlSessionFactoryBean"  id="sqlSessionFactory">
		<property name="dataSource" ref="dataSource"></property>
		<property name="typeAliasesPackage" value="cc.shen0d.pojo.entity"></property>
		<property name="configLocation" value="classpath:mybatis-config.xml"></property>
		<property name="mapperLocations"  value="classpath:cc/shen0d/mapperXml/*Mapper.xml" />
	</bean>
	
	<!-- 扫描注解service -->
	
	<context:component-scan base-package="cc.shen0d.service">
    	<context:include-filter type="annotation" expression="org.springframework.stereotype.Service"/>
    </context:component-scan>
    
   
	
	<import resource="application-dao.xml"/>
	
	<import resource="application-webService.xml" />
	
	
</beans>