<?xml version="1.0" encoding="UTF-8"?>
<beans xmlns="http://www.springframework.org/schema/beans"
	xmlns:xsi="http://www.w3.org/2001/XMLSchema-instance" xmlns:websocket="http://www.springframework.org/schema/websocket"
	xsi:schemaLocation="
http://www.springframework.org/schema/beans
http://www.springframework.org/schema/beans/spring-beans.xsd
http://www.springframework.org/schema/websocket
http://www.springframework.org/schema/websocket/spring-websocket.xsd">

	<!-- webSocket 终点 -->
	<bean class="cc.shen0d.web.WebSocket.WebSocketEnPoint" id="websocketEnpoint"></bean>


	<websocket:handlers>
		<websocket:mapping handler="websocketEnpoint" path="/websocket" />
		<websocket:handshake-interceptors>
			<bean class="cc.shen0d.web.WebSocket.WebSocketInterceptor" id="WebSocketInterceptor"></bean>
		</websocket:handshake-interceptors>
	</websocket:handlers>
</beans>